Region,State,Abbr,Cornell2001,Cornell2002,Cornell2003,Cornell2004,Cornell2005,Cornell2006,Cornell2007,Cornell2008,Cornell2009,Cornell2010,Cornell2011,Cornell2012,Cornell2013,Cornell2014,Salary2001,Salary2002,Salary2003,Salary2004,Salary2005,Salary2006,Salary2007,Salary2008,Salary2009,Salary2010,Salary2011,Salary2012,Salary2013,Salary2014,Salary2015,CostIndex2001,CostIndex2002,CostIndex2003,CostIndex2004,CostIndex2005,CostIndex2006,CostIndex2007,CostIndex2008,CostIndex2009,CostIndex2010,CostIndex2011,CostIndex2012,CostIndex2013,CostIndex2014,Income2001,Income2002,Income2003,Income2004,Income2005,Income2006,Income2007,Income2008,Income2009,Income2010,Income2011,Income2012,Income2013,Income2014,AdjForCost2001,AdjForCost2002,AdjForCost2003,AdjForCost2004,AdjForCost2005,AdjForCost2006,AdjForCost2007,AdjForCost2008,AdjForCost2009,AdjForCost2010,AdjForCost2011,AdjForCost2012,AdjForCost2013,AdjForCost2014
Mid-Atlantic,Delaware,DE,39586,36958,37472,38771,41482,43912,46575,47789,46897,46615,49963,51512,53069,59691,33994,34875,35438,37263,38571,40735,41372,42319,41633,41783,43555,44747,44819,46378,47662,109.69,111.42,113.96,117,120.96,124.53,128.42,133.35,132.88,135.06,139.32,142.01,144.29,146.63,49602,49650,49019,48049,51235,52438,54589,50702,52114,55214,54660,48972,53155,57522,36088.97803,33169.98743,32881.71288,33137.60684,34293.98148,35262.18582,36267.71531,35837.27034,35292.74533,34514.28995,35862.04421,36273.50187,36779.40259,40708.58624
Mid-Atlantic,District of Columbia,DC,39586,36958,37472,38771,41482,43912,46575,47789,46897,46615,49963,51512,53069,59691,45093,46121,47830,50945,53902,57730,61107,66220,62823,63741,67359,68973,68606,69838,71496,76.81,78.03,79.8,81.93,84.71,87.2,89.93,93.38,93.05,94.58,97.56,99.45,101.04,102.68,41169,39070,45044,43451,44993,48477,50783,55590,53141,56928,55251,65246,60366,68277,51537.56021,47363.83442,46957.39348,47322.10424,48969.4251,50357.79817,51790.28133,51176.91154,50399.78506,49286.31846,51212.58713,51796.88286,52522.76326,58133.03467
Mid-Atlantic,Maryland,MD,39586,36958,37472,38771,41482,43912,46575,47789,46897,46615,49963,51512,53069,59691,36819,37723,39004,41432,43301,45904,47708,49307,48739,49683,51800,53078,52545,54176,56127,90.49,91.92,94.01,96.51,99.78,102.73,105.94,110,109.61,111.41,114.93,117.15,119.03,120.96,53530,56407,52314,57103,60512,63668,65630,63711,64186,64201,68876,71836,67308,76165,43746.27031,40206.70148,39859.58941,40173.03906,41573.46162,42745.05987,43963.56428,43444.54545,42785.32981,41840.94785,43472.54851,43970.97738,44584.55851,49347.71825
Mid-Atlantic,New Jersey,NJ,39586,36958,37472,38771,41482,43912,46575,47789,46897,46615,49963,51512,53069,59691,40227,40964,41861,43686,45341,48444,50685,52256,50300,51202,53556,55142,55194,57620,59782,93.85,95.33,97.5,100.1,103.49,106.54,109.87,114.09,113.69,115.55,119.2,121.5,123.45,125.45,51771,54568,56045,55275,63368,68059,60508,65306,64777,62968,62338,66692,62768,65243,42180.07459,38768.48841,38432.82051,38732.26773,40083.09982,41216.44453,42391.00755,41887.10667,41249.89005,40341.84336,41915.26846,42396.70782,42988.25435,47581.50658
Mid-Atlantic,Pennsylvania,PA,39586,36958,37472,38771,41482,43912,46575,47789,46897,46615,49963,51512,53069,59691,31524,32108,33055,34648,35910,38202,40084,41675,40785,41918,44018,45781,46028,47679,49180,76.96,78.18,79.96,82.09,84.87,87.37,90.1,93.56,93.23,94.76,97.75,99.64,101.24,129.35,43499,42498,42933,44106,46300,48477,48437,51402,48172,48314,49910,51904,54554,55173,51437.11019,47272.95984,46863.43172,47229.86966,48877.10616,50259.81458,51692.56382,51078.45233,50302.47774,49192.69734,51113.04348,51698.11321,52419.00435,46146.88829
Mid-Atlantic,Virginia,VA,39586,36958,37472,38771,41482,43912,46575,47789,46897,46615,49963,51512,53069,59691,33711,34154,35745,37753,40036,42386,44422,45618,44458,45412,47689,49320,48956,50345,52136,70.61,71.73,73.36,75.31,77.87,80.16,82.67,85.84,85.54,86.94,89.68,91.42,92.88,92.29,50241,49631,54783,51141,51914,57119,59161,61985,60501,60367,62616,64632,66764,66155,56062.88061,51523.76969,51079.60742,51481.87492,53270.83601,54780.43912,56338.45409,55672.1808,54824.64344,53617.43731,55712.53345,56346.53249,57137.16624,64677.64655
Mid-Atlantic,West Virginia,WV,39586,36958,37472,38771,41482,43912,46575,47789,46897,46615,49963,51512,53069,59691,23306,24206,24669,25498,26360,28319,29316,31397,31429,32104,34211,35374,35163,36132,37047,77.48,78.71,80.5,82.65,85.45,87.97,90.71,94.2,93.86,95.4,98.41,100.32,101.92,94.39,29673,29359,32763,33373,36445,38419,42091,37994,40490,42777,41821,43553,41655,39552,51091.89468,46954.64363,46549.06832,46909.86086,48545.34816,49917.01716,51344.94543,50731.42251,49964.84125,48862.68344,50770.24693,51347.6874,52069.27002,63238.69054
Midwest,Illinois,IL,38412,40678,39752,40581,38571,43382,46331,49885,50092,51427,49565,51043,52454,60286,33755,34071,34627,36126,37692,40219,42360,43620,41529,42154,44303,46067,46477,47643,49471,72.1,73.24,74.91,76.91,79.51,81.86,84.42,87.66,87.35,88.78,91.58,93.35,94.85,96.39,46171,42710,45153,46077,48398,48671,52506,53254,52870,50728,50637,51738,55567,54916,53276.00555,55540.68815,53066.34628,52764.26993,48510.87913,52995.35793,54881.54466,56907.36938,57346.30796,57926.33476,54122.07906,54679.16443,55302.05588,62543.83235
Midwest,Indiana,IN,38412,40678,39752,40581,38571,43382,46331,49885,50092,51427,49565,51043,52454,60286,28652,28850,29433,30693,31272,32884,33868,35047,33588,34390,36357,37987,38291,39578,40998,65.75,66.79,68.31,70.13,72.51,74.65,76.98,79.94,79.65,80.96,83.51,85.13,86.49,87.9,40379,41047,42425,42329,42437,45407,47453,46520,44305,46139,44445,46158,50004,48060,58421.29278,60904.327,58193.5295,57865.39284,53194.0422,58113.8647,60185.76254,62403.05229,62890.14438,63521.49209,59352.17339,59958.88641,60647.4737,68584.7554
Midwest,Iowa,IA,38412,40678,39752,40581,38571,43382,46331,49885,50092,51427,49565,51043,52454,60286,28367,29099,29698,32148,32869,34575,36815,39339,38123,38687,42058,43458,43735,44937,44971,68.74,69.83,71.42,73.32,75.81,78.04,80.48,83.57,83.27,84.64,87.31,89,90.42,91.89,40976,41049,41384,43391,46500,48126,48908,50142,50721,49016,50219,53442,57506,57810,55880.12802,58252.8999,55659.47914,55347.79051,50878.51207,55589.44131,57568.33996,59692.47338,60156.11865,60759.68809,56768.98408,57351.68539,58011.50188,65606.70367
Midwest,Kansas,KS,38412,40678,39752,40581,38571,43382,46331,49885,50092,51427,49565,51043,52454,60286,29789,29861,30772,31999,33483,35987,38122,40936,38889,39235,42403,43725,44311,44891,45876,67.92,68.99,70.57,72.45,74.9,77.11,79.52,82.57,82.28,83.63,86.27,87.94,89.34,90.79,41415,42619,44232,41066,42027,45552,48497,47877,44717,46054,46147,50003,49653,53444,56554.77032,58962.16843,56329.88522,56012.42236,51496.66222,56259.88847,58263.32998,60415.40511,60879.92222,61493.4832,57453.34415,58042.98385,58712.78263,66401.58608
Midwest,Michigan,MI,38412,40678,39752,40581,38571,43382,46331,49885,50092,51427,49565,51043,52454,60286,30245,30333,31060,32097,32914,33845,34855,35828,34159,35199,37343,38652,39197,40740,42427,68.14,69.22,70.8,72.68,75.15,77.36,79.78,82.84,82.55,83.9,86.55,88.23,89.64,91.09,45047,42715,45022,42256,45933,48647,49370,49788,45994,46276,48879,50015,52684,52005,56372.17493,58766.25253,56146.89266,55835.16786,51325.3493,56078.07653,58073.45199,60218.49348,60680.79952,61295.58999,57267.47545,57852.20447,58516.28737,66182.89604
Midwest,Minnesota,MN,38412,40678,39752,40581,38571,43382,46331,49885,50092,51427,49565,51043,52454,60286,33326,33899,35256,36924,37787,39634,41560,43256,41064,42567,45214,47293,47410,48998,50541,75.84,77.04,78.8,80.89,83.63,86.1,88.79,92.2,91.87,93.38,96.33,98.19,99.76,101.38,52681,54622,52823,56104,54215,56211,58058,54925,56090,52321,57820,61795,62616,67244,50648.73418,52801.14226,50446.70051,50168.12956,46121.00921,50385.59814,52180.42572,54105.20607,54524.8721,55072.82073,51453.33749,51983.90875,52580.19246,59465.37779
Midwest,Missouri,MO,38412,40678,39752,40581,38571,43382,46331,49885,50092,51427,49565,51043,52454,60286,28794,29245,30261,31636,32603,34408,35842,37441,36306,36638,38042,39905,40297,41639,42752,68.37,69.45,71.03,72.92,75.39,77.62,80.04,83.12,82.82,84.18,86.84,88.52,89.93,91.39,41339,42776,43762,42137,42986,44579,46005,46038,48769,45817,45774,49764,48307,56630,56182.5362,58571.63427,55965.08518,55651.39879,51161.95782,55890.23448,57884.8076,60015.64004,60482.97513,61091.70824,57076.23215,57662.6751,58327.58812,65965.64176
Midwest,Nebraska,NE,38412,40678,39752,40581,38571,43382,46331,49885,50092,51427,49565,51043,52454,60286,30178,30696,32611,33768,34772,35982,38484,40626,39226,40023,43820,45578,46254,47557,48006,68.97,70.06,71.65,73.56,76.05,78.3,80.74,83.84,83.55,84.92,87.6,89.29,90.72,92.19,43611,42796,43974,43786,47923,48145,49174,50728,49595,52504,55616,52196,55699,56870,55693.7799,58061.66143,55480.80949,55167.21044,50717.94872,55404.85313,57382.95764,59500.23855,59954.51825,60559.34998,56581.05023,57165.41606,57819.6649,65393.20968
Midwest,North Dakota,ND,38412,40678,39752,40581,38571,43382,46331,49885,50092,51427,49565,51043,52454,60286,26540,27158,29496,29717,31429,32826,36162,40923,39422,42964,47861,55388,54373,55802,54376,75.62,76.81,78.56,80.65,83.39,85.85,88.53,91.93,91.6,93.1,96.04,97.9,99.47,95.69,35793,36200,40410,39220,42192,41047,47205,49631,50075,51006,56361,55766,56020,60730,50796.08569,52959.2501,50600.81466,50317.42095,46253.74745,50532.32382,52333.6722,54264.114,54685.58952,55238.45328,51608.70471,52137.89581,52733.48748,63001.35855
Midwest,Ohio,OH,38412,40678,39752,40581,38571,43382,46331,49885,50092,51427,49565,51043,52454,60286,29418,29809,30579,31732,32687,34415,35632,36643,35530,36377,38807,40329,40749,42236,43478,69.12,70.21,71.81,73.72,76.22,78.47,80.92,84.02,83.73,85.1,87.79,89.48,90.92,101.08,41785,42684,43520,43055,44203,45900,49099,46934,45879,45886,44648,44375,48573,49644,55572.91667,57937.61572,55357.19259,55047.47694,50604.82813,55284.82223,57255.31389,59372.76839,59825.63,60431.25734,56458.59437,57044.03219,57692.4769,59641.86783
Midwest,South Dakota,SD,38412,40678,39752,40581,38571,43382,46331,49885,50092,51427,49565,51043,52454,60286,28440,28538,30941,32564,33443,33898,37257,40095,38661,40204,44241,44792,44772,45279,45002,76.59,77.8,79.57,81.69,84.46,86.95,89.66,93.11,92.78,94.3,97.28,99.16,100.74,97.38,39671,37873,39522,41107,43151,45427,46418,51600,45826,45352,47223,49415,53933,53053,50152.76146,52285.34704,49958.52708,49676.82703,45667.77173,49893.04198,51674.10216,53576.41499,53990.08407,54535.52492,50950.86349,51475.3933,52068.69168,61907.98932
Midwest,Wisconsin,WI,38412,40678,39752,40581,38571,43382,46331,49885,50092,51427,49565,51043,52454,60286,30473,31060,31905,33350,34311,36268,37674,38980,38320,38815,40837,42463,42737,44186,45617,73.3,74.46,76.16,78.18,80.83,83.22,85.82,89.11,88.8,90.25,93.1,94.9,96.42,105.87,45346,45903,46269,45732,44650,51692,51277,51200,51237,50351,52058,53079,53492,58080,52403.81992,54630.67419,52195.37815,51907.13738,47718.66881,52129.29584,53986.25029,55981.37134,56409.90991,56982.82548,53238.45328,53786.09062,54401.57644,56943.42118
New England,Connecticut,CT,41756,39008,39042,42953,43619,47658,45896,50170,44210,48113,48845,53796,56055,58702,43696,43405,44187,47105,49481,53363,56723,57776,55505,57347,59884,62738,62112,64864,66972,98.48,100.04,102.32,105.04,108.6,111.8,115.3,119.72,119.3,121.26,125.08,127.5,129.54,131.64,53347,53387,54965,55100,56835,62404,64141,64682,64851,65998,65415,64247,68536,70161,42400.48741,38992.40304,38156.7631,40892.04113,40164.82505,42627.90698,39805.7242,41906.11427,37057.83738,39677.55237,39051.00736,42192.94118,43272.34831,44592.82893
New England,Maine,ME,41756,39008,39042,42953,43619,47658,45896,50170,44210,48113,48845,53796,56055,58702,28279,29057,30301,31762,32307,34019,35350,36695,36586,37102,38597,39589,39562,40745,42077,85.7,87.06,89.04,91.41,94.51,97.3,100.34,104.19,103.82,105.52,108.85,110.96,112.74,114.56,36612,36853,37113,41329,43923,45642,47894,47228,47502,47931,49693,49158,52539,51710,48723.45391,44805.881,43847.70889,46989.38847,46152.78806,48980.47276,45740.48236,48152.41386,42583.31728,45596.09553,44873.67938,48482.33598,49720.59606,51241.27095
New England,Massachusetts,MA,41756,39008,39042,42953,43619,47658,45896,50170,44210,48113,48845,53796,56055,58702,39774,39742,40744,42674,44596,47940,50103,51742,50296,51643,54327,56752,56549,58737,61032,97.43,98.97,101.23,103.93,107.45,110.62,114.07,118.45,118.03,119.97,123.75,126.15,128.17,130.25,52253,49855,50955,52019,56017,55330,58463,60320,59373,60934,63313,63656,62746,63151,42857.43611,39413.96383,38567.61829,41328.77899,40594.69521,43082.6252,40234.94346,42355.42423,37456.57884,40104.19271,39470.70707,42644.47087,43734.88336,45068.71401
New England,New Hampshire,NH,41756,39008,39042,42953,43619,47658,45896,50170,44210,48113,48845,53796,56055,58702,35147,35515,36199,38390,39609,42112,43638,44876,43936,45308,48005,50546,50535,52773,54817,88.32,89.71,91.76,94.2,97.39,100.27,103.4,107.37,106.99,108.74,112.18,114.35,116.18,118.06,51331,55321,55567,56815,56984,61970,67576,66176,64131,66633,65880,67819,70211,73397,47278.07971,43482.33196,42547.95118,45597.66454,44787.96591,47529.66989,44386.8472,46726.27363,41321.61884,44245.90767,43541.62952,47045.03717,48248.40764,49722.17517
New England,Rhode Island,RI,41756,39008,39042,42953,43619,47658,45896,50170,44210,48113,48845,53796,56055,58702,31574,32698,34137,35562,36592,38779,40691,41889,41081,42737,44292,46084,46145,48359,50080,92.13,93.59,95.72,98.27,101.6,104.59,107.86,112,111.61,113.44,117.02,119.28,121.19,102.88,45723,42417,44711,47935,49484,53736,54210,53241,51634,51623,49033,56065,57068,58633,45322.91327,41679.66663,40787.71417,43709.16862,42932.08661,45566.49775,42551.45559,44794.64286,39611.14595,42412.7292,41740.72808,45100.60362,46253.81632,57058.70918
New England,Vermont,VT,41756,39008,39042,42953,43619,47658,45896,50170,44210,48113,48845,53796,56055,58702,29968,30567,31779,33652,34347,36597,38460,40111,39268,40066,42735,44287,44839,46428,47864,92.5,93.97,96.11,98.67,102.01,105.02,108.3,112.46,112.06,113.9,117.49,119.76,121.68,92.49,40794,42999,43261,47329,50704,51981,47390,50706,52318,55928,51862,55582,60178,60708,45141.62162,41511.12057,40622.20372,43531.97527,42759.53338,45379.92763,42378.57802,44611.41739,39452.07924,42241.43986,41573.75096,44919.83968,46067.55424,63468.48308
New York,New York,NY,42902,38360,38947,40297,42424,45444,50838,51086,51628,53269,56446,57139,57448,65732,36308,36282,37199,39342,41381,44472,47780,49032,47655,49283,51598,53571,53606,55611,57705,101.32,102.92,105.27,108.07,111.73,115.03,118.62,123.17,122.74,124.75,128.69,131.18,133.28,135.44,42114,41966,42788,44649,47176,48222,48944,50461,50216,49781,50636,47680,51905,54310,42343.07146,37271.66731,36997.24518,37287.86897,37970.10651,39506.21577,42857.86545,41476.00877,42062.89718,42700.6012,43861.99394,43557.70697,43103.2413,48532.19138
Southeast,Alabama,AL,40088,41159,33030,39168,34829,46111,44672,43982,40654,45100,44987,48173,45529,51470,25569,26093,27045,28802,30202,31683,32911,33910,33027,34073,35202,36036,36176,37512,38965,67.4,68.46,70.02,71.89,74.32,76.52,78.91,81.93,81.65,82.98,85.6,87.26,88.65,90.09,35160,37603,37255,36629,37150,37952,42212,44476,39980,40933,42590,43464,44351,42278,59477.74481,60121.23868,47172.2365,54483.23828,46863.56297,60260.06273,56611.32936,53682.41181,49790.5695,54350.44589,52554.90654,55206.28008,51358.15003,57131.75713
Southeast,Arkansas,AR,40088,41159,33030,39168,34829,46111,44672,43982,40654,45100,44987,48173,45529,51470,23873,24237,25462,26855,27915,29479,31180,32434,31629,31991,33961,36291,36529,37782,39107,68.29,69.37,70.95,72.84,75.31,77.53,79.95,83.02,82.73,84.09,86.74,88.42,89.83,91.29,33339,32387,32002,34984,36658,37057,40795,39586,36538,38587,41302,39018,39648,44922,58702.59189,59332.56451,46553.91121,53772.65239,46247.51029,59475.04192,55874.92183,52977.59576,49140.57778,53633.01225,51864.19184,54482.01764,50683.5133,56380.7646
Southeast,Florida,FL,40088,41159,33030,39168,34829,46111,44672,43982,40654,45100,44987,48173,45529,51470,30574,31032,31927,34042,36294,38812,39945,40018,37479,38718,40538,41249,41309,42737,44101,75.09,76.28,78.02,80.1,82.81,85.25,87.92,91.29,90.97,92.46,95.38,97.22,98.78,100.38,36421,38024,38972,40535,42990,45676,45794,44857,45631,44066,45105,46071,48209,46140,53386.60274,53957.7871,42335.29864,48898.8764,42058.93008,54089.14956,50809.82712,48178.33279,44689.45806,48777.84988,47166.07255,49550.50401,46091.31403,51275.15441
Southeast,Georgia,GA,40088,41159,33030,39168,34829,46111,44672,43982,40654,45100,44987,48173,45529,51470,29594,29868,30473,31527,32997,34420,35606,35895,34396,34487,36588,37254,37596,38980,40551,68.52,69.6,71.19,73.08,75.56,77.79,80.22,83.3,83,84.36,87.03,88.71,90.13,91.59,42576,42939,42438,40984,45926,49344,48641,46227,43340,44117,45973,48121,47216,49555,58505.54583,59136.49425,46396.96587,53596.05911,46094.49444,59276.25659,55686.86113,52799.51981,48980.72289,53461.35609,51691.37079,54303.91162,50514.81194,56196.09128
Southeast,Kentucky,KY,40088,41159,33030,39168,34829,46111,44672,43982,40654,45100,44987,48173,45529,51470,25733,26180,26697,28046,29171,30596,31682,32953,32251,32977,34578,35814,35967,37396,38989,67.25,68.31,69.87,71.73,74.16,76.35,78.73,81.75,81.46,82.8,85.41,87.06,88.46,89.89,38437,36762,36936,35610,36699,39485,39452,41148,42664,41104,39856,41086,43519,42786,59610.40892,60253.25721,47273.50794,54604.76788,46964.67098,60394.23707,56740.75956,53800.61162,49906.70268,54468.59903,52671.81829,55333.10361,51468.46032,57258.87195
Southeast,Louisiana,LA,40088,41159,33030,39168,34829,46111,44672,43982,40654,45100,44987,48173,45529,51470,25121,25646,26268,27472,29308,33247,35857,37858,36348,37227,38506,40527,40819,42030,43252,69.79,70.89,72.51,74.44,76.96,79.23,81.7,84.84,84.54,85.93,88.64,90.35,91.8,93.29,33322,34008,33507,36429,37236,36488,41313,39563,45433,39300,40658,39085,43024,42406,57440.89411,58060.37523,45552.33761,52616.87265,45255.97713,58198.91455,54678.09058,51841.11268,48088.47883,52484.58047,50752.48195,53318.20697,49595.86057,55172.04416
Southeast,Mississippi,MS,40088,41159,33030,39168,34829,46111,44672,43982,40654,45100,44987,48173,45529,51470,22806,23173,23981,25257,26794,28050,29543,30703,30188,30783,31976,33127,33629,34431,35444,62.39,63.38,64.82,66.55,68.8,70.83,73.04,75.85,75.58,76.82,79.24,80.78,82.07,83.4,30161,30882,32728,34755,32875,34733,37279,36446,35078,38160,41090,36641,36594,35521,64253.88684,64940.04418,50956.49491,58854.99624,50623.54651,65100.94593,61161.00767,57985.49769,53789.36227,58708.66962,56773.0944,59634.8106,55475.81333,61714.6283
Southeast,North Carolina,NC,40088,41159,33030,39168,34829,46111,44672,43982,40654,45100,44987,48173,45529,51470,28484,28507,29081,30785,32245,33775,35096,35917,34944,35569,36622,38655,37774,39171,40656,71.58,72.71,74.37,76.35,78.94,81.27,83.8,87.02,86.71,88.14,90.92,92.68,94.16,135.44,38162,36515,37279,40238,42056,39797,43513,42930,41906,43830,45206,41553,43773,46784,56004.47052,56607.06918,44413.06979,51300.58939,44120.85128,56738.03371,53307.87589,50542.40405,46885.01903,51168.59542,49479.76243,51977.77298,48352.80374,38002.06734
Southeast,South Carolina,SC,40088,41159,33030,39168,34829,46111,44672,43982,40654,45100,44987,48173,45529,51470,25859,26263,26903,28135,29402,31183,32443,33449,32499,32853,34220,35461,35472,36677,38041,72.85,74,75.69,77.71,80.34,82.71,85.29,88.57,88.25,89.7,92.53,94.32,95.83,123.15,37736,37812,38479,38691,40230,39617,44213,42155,41101,41698,40084,44401,43656,44929,55028.14001,55620.27027,43638.52556,50402.77957,43352.00398,55750.21158,52376.59749,49657.89771,46066.85552,50278.7068,48618.82633,51074.00339,47510.17427,41794.55948
Southeast,Tennessee,TN,40088,41159,33030,39168,34829,46111,44672,43982,40654,45100,44987,48173,45529,51470,28147,28613,29454,30925,31695,33072,34227,35307,34468,35601,37323,39137,39312,40457,42069,67.47,68.54,70.1,71.97,74.41,76.6,78.99,82.03,81.74,83.08,85.7,87.36,88.75,102.38,35783,37030,37523,38072,39406,40693,41195,39702,40517,38591,42279,42995,42930,43716,59416.03676,60051.06507,47118.40228,54422.67612,46806.8808,60197.12794,56553.99418,53616.9694,49735.74749,54285.02648,52493.58226,55143.08608,51300.28169,50273.49092
Southwest,Arizona,AZ,40790,36021,34827,37225,43343,42146,41572,47885,46077,47184,48417,47556,55004,55196,27220,27590,28446,30222,32429,34848,35929,36077,34063,34185,35675,36788,36723,37895,39060,73.82,74.99,76.7,78.74,81.41,83.81,86.43,89.75,89.43,90.9,93.76,95.58,97.11,98.68,42704,39734,41166,43846,45245,46657,47215,46914,45739,46896,48621,47044,51607,49254,55256.02818,48034.40459,45406.77966,47275.84455,53240.38816,50287.55518,48099.03969,53353.76045,51522.97887,51907.59076,51639.29181,49755.17891,56640.92267,55934.3332
Southwest,Colorado,CO,40790,36021,34827,37225,43343,42146,41572,47885,46077,47184,48417,47556,55004,55196,35247,35002,35412,36676,38665,40709,42265,43631,41508,41877,44349,46402,46746,48869,50410,76.14,77.34,79.11,81.21,83.96,86.44,89.14,92.56,92.24,93.75,96.71,98.58,100.15,101.78,49397,48294,49940,50886,50449,55697,61141,60943,55930,60233,58629,57255,65642,60940,53572.36669,46574.86424,44023.51157,45837.95099,51623.39209,48757.51967,46636.75118,51734.01037,49953.38248,50329.6,50064.10919,48241.02252,54921.61757,54230.69365
Southwest,Idaho,ID,40790,36021,34827,37225,43343,42146,41572,47885,46077,47184,48417,47556,55004,55196,26075,26425,27031,28813,29815,31945,32952,32854,31392,32050,33544,34846,35641,36734,37509,65.9,66.94,68.47,70.29,72.68,74.82,77.16,80.12,79.83,81.14,83.7,85.32,86.69,88.1,38241,37715,42372,44358,44176,46213,49184,47420,46778,47050,47459,47922,50117,53438,61896.81335,53810.87541,50864.61224,52959.16916,59635.388,56329.85833,53877.65682,59766.6001,57718.90267,58151.34336,57845.87814,55738.39662,63449.0714,62651.53235
Southwest,Montana,MT,40790,36021,34827,37225,43343,42146,41572,47885,46077,47184,48417,47556,55004,55196,24751,25296,26663,28180,29561,31484,33374,34912,33627,34737,36959,39102,38884,39903,41280,76.74,77.95,79.73,81.85,84.62,87.12,89.84,93.29,92.96,94.48,97.47,99.35,100.94,102.58,32126,34835,34108,33956,37313,41105,43655,42900,40437,41280,40277,45088,43667,51102,53153.50534,46210.39128,43681.17396,45479.53574,51220.7516,48376.95133,46273.37489,51329.18855,49566.48021,49940.7282,49673.74577,47867.13639,54491.77729,53807.7598
Southwest,New Mexico,NM,40790,36021,34827,37225,43343,42146,41572,47885,46077,47184,48417,47556,55004,55196,25264,25777,26250,27435,29005,30497,31832,33374,32293,33019,34556,35585,35254,37091,38457,101.32,102.92,105.27,108.07,111.73,115.03,118.62,123.17,122.74,124.75,128.69,131.18,133.28,135.44,33124,35457,35105,39562,38947,40028,44356,42102,43542,45134,41982,43424,41147,46686,40258.58666,34999.02837,33083.49957,34445.26696,38792.62508,36639.13762,35046.36655,38877.16165,37540.32915,37822.84569,37622.96993,36252.47751,41269.5078,40753.101
Southwest,Oklahoma,OK,40790,36021,34827,37225,43343,42146,41572,47885,46077,47184,48417,47556,55004,55196,26572,26807,27548,28989,30957,33522,34563,37739,34578,35949,39037,41549,41962,43637,44272,67.02,68.08,69.63,71.49,73.91,76.09,78.47,81.48,81.19,82.52,85.13,86.77,88.16,92.39,35609,36458,35902,39614,37645,38838,43216,46111,45878,43103,48455,48407,44970,47199,60862.42913,52909.81199,50017.23395,52070.21961,58642.94412,55389.67013,52978.20823,58769.02307,56752.06306,57178.86573,56874.19241,54806.96093,62391.10708,59742.39636
Southwest,Texas,TX,40790,36021,34827,37225,43343,42146,41572,47885,46077,47184,48417,47556,55004,55196,29717,29327,30010,31077,33330,35554,36992,39892,37037,38282,41235,43505,43807,45669,46745,69.19,70.28,71.89,73.8,76.3,78.55,81,84.11,83.82,85.19,87.88,89.58,91.01,90.19,40860,40149,39271,41397,41422,43307,46053,46490,47475,47266,49047,51926,52217,53875,58953.60601,51253.5572,48444.84629,50440.3794,56806.02883,53654.99682,51323.45679,56931.39936,54971.36722,55386.78249,55094.44697,53087.7428,60437.31458,61199.68954
Southwest,Utah,UT,40790,36021,34827,37225,43343,42146,41572,47885,46077,47184,48417,47556,55004,55196,25712,25960,26316,27545,29398,31786,33643,34512,32428,32614,34415,35995,36542,37664,39045,69.04,70.13,71.73,73.64,76.14,78.38,80.83,83.93,83.64,85.01,87.69,89.39,90.82,92.49,47342,47861,49275,50871,54813,54628,53529,62537,58491,56701,55493,58341,62007,63383,59081.69177,51363.18266,48552.90673,50549.97284,56925.40058,53771.37025,51431.39923,57053.49696,55089.67001,55504.05835,55213.82142,53200.58172,60563.75248,59677.80301
Southwest,Wyoming,WY,40790,36021,34827,37225,43343,42146,41572,47885,46077,47184,48417,47556,55004,55196,30736,31442,33400,35692,39164,44186,45505,48934,43153,44846,49140,52154,51791,54584,55303,69.34,70.44,72.04,73.96,76.47,78.72,81.18,84.3,84,85.38,88.07,89.77,91.21,103.58,39719,39763,42555,45397,44718,47041,48744,53337,52470,52201,54509,57512,61571,55690,58826.07442,51137.13799,48343.97557,50331.26014,56679.74369,53539.12602,51209.65755,56803.08422,54853.57143,55263.52776,54975.5876,52975.38153,60304.79114,53288.27959
West,California,CA,48647,43776,41567,41316,50822,44949,52289,55012,53386,56601,56647,62411,64063,74193,34091,34306,35381,37244,39046,41693,43182,43786,41588,42411,44852,47614,48125,49985,52651,100.35,101.93,104.26,107.03,110.66,113.92,117.48,121.99,121.56,123.56,127.46,129.92,132,134.14,47262,47437,49300,49222,51755,55319,55734,57014,56134,54283,53367,57020,59161,60487,48477.32935,42947.12057,39868.59774,38602.26105,45926.26062,39456.63624,44508.85257,45095.49963,43917.40704,45808.51408,44442.9625,48038.0234,48532.57576,55310.12375
West,Nevada,NV,48647,43776,41567,41316,50822,44949,52289,55012,53386,56601,56647,62411,64063,74193,31789,31882,33347,35744,38683,39915,40939,40243,36931,36918,37745,39436,39223,40742,42185,79.58,80.83,82.68,84.88,87.75,90.34,93.16,96.74,96.4,97.98,101.07,103.03,104.68,106.37,45403,44958,45184,47204,48209,52282,54058,54744,51434,51200,47043,47333,48608,49875,61129.68082,54158.10961,50274.55249,48675.77757,57916.80912,49755.36861,56128.1666,56865.82593,55379.66805,57767.91182,56047.29395,60575.56052,61198.89186,69749.92949
West,Oregon,OR,48647,43776,41567,41316,50822,44949,52289,55012,53386,56601,56647,62411,64063,74193,29342,29306,30028,31486,32434,34546,35648,36750,35390,35791,37512,39083,39426,41220,42974,96.76,98.29,100.53,103.21,106.71,109.85,113.28,117.63,117.22,119.14,122.9,125.28,127.28,89.59,41273,41802,41638,40994,44159,47091,50236,51727,49098,50602,51526,51775,52653,58875,50275.94047,44537.59284,41347.85636,40031.00475,47626.27683,40918.52526,46159.07486,46766.98121,45543.42262,47507.97381,46091.94467,49817.20945,50332.33815,82813.93013
West,Washington,WA,48647,43776,41567,41316,50822,44949,52289,55012,53386,56601,56647,62411,64063,74193,33241,33629,34663,36787,37754,40204,42954,44460,42248,42821,44800,47344,47468,49610,51146,79.2,80.45,82.29,84.48,87.34,89.92,92.73,96.29,95.95,97.52,100.6,102.54,104.18,123.65,42490,45183,47508,49922,50646,54723,58080,56631,60392,56163,56850,62187,62014,59068,61422.9798,54413.92169,50512.82051,48906.25,58188.68789,49987.7669,56388.43956,57131.58168,55639.39552,58040.40197,56309.14513,60865.02828,61492.60895,60002.4262